<?xml version="1.0" encoding="UTF-8"?>
<project-private xmlns="http://www.netbeans.org/ns/project-private/1">
    <editor-bookmarks xmlns="http://www.netbeans.org/ns/editor-bookmarks/2" lastBookmarkId="0"/>
    <open-files xmlns="http://www.netbeans.org/ns/projectui-open-files/2">
        <group name="Guia_01">
            <file>file:/C:/Users/Javier/Desktop/Guia_03/Recuperatorio/src/com/ejemplo/pasajes/persistencia/PersistenciaVendedores.java</file>
            <file>file:/C:/Users/Javier/Desktop/Guia_03/Recuperatorio/nbproject/build-impl.xml</file>
            <file>file:/C:/Users/Javier/Desktop/Guia_03/Recuperatorio/src/com/ejemplo/pasajes/app/PasajesApp.java</file>
            <file>file:/C:/Users/Javier/Desktop/Guia_03/Recuperatorio/src/com/ejemplo/pasajes/vista/ConsultaView.java</file>
            <file>file:/C:/Users/Javier/Desktop/Guia_03/Recuperatorio/src/com/ejemplo/pasajes/vista/VentaView.java</file>
            <file>file:/C:/Users/Javier/Desktop/Guia_03/Recuperatorio/src/com/ejemplo/pasajes/vista/LoginView.java</file>
            <file>file:/C:/Users/Javier/Desktop/Guia_03/Recuperatorio/src/com/ejemplo/pasajes/modelo/Vendedor.java</file>
            <file>file:/C:/Users/Javier/Desktop/Guia_03/Recuperatorio/src/com/ejemplo/pasajes/app/Principal.java</file>
            <file>file:/C:/Users/Javier/Desktop/Guia_03/Recuperatorio/src/com/ejemplo/pasajes/vista/MenuView.java</file>
        </group>
    </open-files>
</project-private>
